,0
wa,18.36482314189239
##ndi,5.5249989071470385
dollars,27.129084977289935
winter,16.60648338893259
owned,8.769045209044918
##star,3.6791302548162044
wear,7.278479591037368
raises,19.603780798701674
##tina,19.84339792696693
tack,8.887389088463053
##by,8.830367997133077
4,44.5428608849926
leader,148.94691250816965
soon,21.96425406803647
fires,27.886961687571336
##lab,7.537072934411898
apology,8.02391466145838
so,48.796629970321284
carpets,15.00244992830505
islamic,359.15569139709265
beaten,4.601544122841207
helped,6.975693290214751
ne,9.438959978295753
rape,45.138951441884394
africa,18.1349847712015
##ine,26.39837058301393
9,45.193256423280395
communist,10.105605551858575
scores,9.196491169314669
robotic,8.094283163180508
wears,12.472178293957189
alarms,6.297420999495177
congress,20.299843014373256
punk,17.62981322634111
neighbor,17.09437678244213
while,29.34276620919167
##ward,5.5787056589298345
areas,16.840784182817597
cartoon,21.71073361827939
last,27.201078238597972
weapons,97.39638563702634
rain,3.525423269729969
according,17.50102799868088
##ating,6.9354368638452
reformation,6.124488634671137
problem,20.48575885145105
believing,5.600323480541683
1970s,18.819152423364972
mag,7.471032180784295
u,166.50156767221355
##via,14.921274197692306
earn,8.075191912354308
breaks,42.191226590026
nasty,4.388109528334974
include,4.498221926050988
##50,13.753928571142493
jets,26.565461953789836
lynch,24.42127776752209
media,130.0736639600332
stunts,12.290609308275576
decades,5.452835187909839
pie,14.998402704022599
cost,21.792477214448393
toy,14.113450030747556
belongings,69.90259629532241
wanted,8.059066033164745
moved,9.33170313735201
hands,18.051600834049218
pricing,16.17111812232711
have,261.73906409976337
gang,68.0085768718752
res,11.375126052416535
new,134.46808659989804
able,3.0723069710129476
secure,23.338361636938522
blast,36.88708166746769
##time,8.989522138234243
lasts,7.562798729129616
greeted,16.615319841106107
nix,7.540553001694965
exactly,8.220475013163172
quarter,15.38296814372079
newest,5.198134619269602
mob,76.68689668684038
##no,19.9549029363847
##ital,22.624382524884894
razor,6.965566068690785
comment,21.931967135190693
detained,72.18284063899932
parliament,53.27630212155176
something,9.896903631986739
promise,10.167553027933202
sell,55.806827883881596
risk,14.43262099779845
jordan,33.09369484081032
mysterious,22.96831038763123
founding,9.601217729359115
nyc,42.6624106301307
released,57.76021803636201
security,45.899477361739585
dog,106.54884978465108
assassinated,10.333065099377592
pumpkin,76.44021510644895
pioneering,10.367390695447382
reality,7.448628160249093
necks,8.696843887848265
house,33.71648089226056
living,31.805878370060128
monitors,9.669944359645894
border,89.3790841862148
moment,35.39364064049504
##on,41.91428753626979
##bane,17.57386387418279
chop,81.26172122184799
officer,16.02908803096181
[,63.915681045795345
returned,6.3783002494040115
mps,14.163138638057653
equality,17.12923732686473
existing,9.05192238797221
als,5.91971418790643
chu,19.9549029363847
patrolling,18.92019080844925
kid,34.75907595681109
backlash,8.086067406795218
8,11.709219380337602
pr,13.966889081145505
middle,13.71350973692212
matt,13.255768175741663
terrorists,31.71072474552815
mcdonald,40.44894120819251
eyed,10.579359390716299
now,40.680985698029815
convert,10.41140927528415
twitter,21.891241757333308
sexual,6.951573032486633
##ver,30.65458365341258
na,11.899711470848986
amazing,18.18795635803355
mig,14.85261471116675
militants,272.4364867559373
ripped,39.13188688434507
almost,22.554949187085153
##yar,6.297680645595449
accountant,13.741684171863282
##uda,9.621564165789508
career,16.615319841106107
denies,49.10541125930949
eastwood,17.736119016407947
bin,23.674929638300252
seven,59.176113333596625
weird,11.843879296680884
victims,22.038755986802244
##vation,16.615319841106107
que,7.568194101829286
disagreements,5.518742254689707
##bo,10.922573639017665
abortion,8.275732525180615
weeks,5.208101950767041
image,30.608210847450113
probe,17.264064259283955
offers,18.90379054880016
upcoming,72.55309669219274
reinforcement,3.109727242155609
garden,12.477163841605977
at,270.3575421819497
meteor,296.4770296122635
friend,6.142127719585265
staged,30.36703640750607
##sar,9.764229291708347
##ure,14.784768674700208
bear,10.922573639017665
spin,11.563751023669417
site,25.815311657036464
personnel,8.374069524743337
vanished,7.099179596128333
comments,10.020820342357126
syria,123.2313346029661
control,22.246509203411964
threats,16.231895793335593
might,22.654963227955808
show,77.97370159151022
more,82.56070157122264
sharing,14.836550222569233
##shi,13.847620810613495
war,30.396351643385515
##of,4.331316056169687
vacation,27.457910815249942
##gua,139.76969205881434
nothing,13.079528993874868
sent,10.245723840572262
failure,12.905665928010855
##up,6.4975683645231275
pencil,5.944829949298714
found,107.31207224078231
gross,10.708809833633078
toys,13.454727774901938
needs,6.4975683645231275
against,45.99158665986332
##bha,9.764229291708347
pro,6.499971886432065
david,42.7956436937749
powerful,19.64310824125052
pentagon,23.595919913961342
bio,123.43336192343891
judd,37.93438003044699
again,56.13307219487348
low,15.92093596168201
de,67.31131444063695
white,37.419871442959604
fired,48.41226661688964
shape,4.53455528857035
proven,9.611545798781005
on,430.9660554293149
lunch,35.931027587848085
phelps,26.94047270356043
launched,12.679056094938483
soldiers,24.26468883853886
marvel,13.140658599591514
wrong,23.544541143166054
lied,14.215265072206211
it,92.184646314849
pork,16.370474191295028
perth,13.116563563474172
##d,44.58907653057416
iconic,16.092828542910045
hiding,9.334223983213999
complain,17.998082251941437
mushroom,14.378471515245154
ka,14.05002557957376
station,75.05268770091124
confusion,25.163200144583655
forces,12.530441663544924
##n,75.97837789808963
##ps,10.537200921571332
fund,17.94768744381698
##out,13.26291035870408
shiny,11.988537631424661
ceo,14.074669699990396
##cki,4.304130584167421
carlisle,9.10248201973693
imagination,10.708809833633078
model,25.2771766094166
ann,13.362150749169771
russian,15.62121719060425
disney,12.390304198929963
opened,10.41140927528415
arms,22.651811964817085
cp,12.561446960561343
employee,33.68261604183452
romans,4.045343478770596
fans,16.06536677971368
photos,14.96832705748592
questions,28.59501680716653
widow,7.839411904860058
if,20.88485074563337
received,8.979930951391664
lia,11.80641310957236
say,109.21093249624005
##tre,19.582614147453842
##v,20.75066773813576
following,9.239157168461041
needed,17.446372851019788
sergeant,17.189189111577015
mac,71.10033652344842
wilde,10.649064245869193
113,9.216901853383368
rig,6.870907730207081
government,32.61495484401924
mortgage,26.597806371869268
engineers,5.47417248899803
alive,9.611545798781005
##mail,18.116315119466577
reveals,26.68633580017418
anyone,12.868417733733494
##ker,9.451303862812038
code,6.829641245835653
ate,15.569583141109792
back,77.06695111846469
monday,12.038073397815275
followers,17.081807577900978
agree,15.52579625134254
london,43.43967637285987
post,25.777273589307832
##bb,13.255768175741663
rod,10.726326783602595
check,7.448628160249093
guards,41.52357723656195
c,11.64802031749108
newfoundland,4.954121633113523
idf,29.790460214027693
nigerian,82.2531925527571
chest,41.0389319854647
##ff,8.196769980874734
fr,13.792619964808031
1st,11.289378780386727
using,19.293414044490067
sorry,27.40933412438889
surprise,19.403361412815073
reach,17.24152684555363
spectacular,10.119012210995484
shooter,20.77207865917892
business,24.549866250951148
understand,13.115496896232525
limiting,4.28467177294684
walks,5.7894036711239
marathon,18.39716601189847
right,40.94309777445091
mack,13.471351293172612
water,15.71024048800823
##onate,11.972167235105662
capsule,31.914674764562243
survive,6.0795349255296
investor,7.471032180784295
rock,10.687565904258218
trace,10.281898725449363
farrell,14.410812888750065
google,23.156045928184696
travel,8.913862167078506
which,11.798731369192629
departed,13.496572731405772
israel,20.603611832370408
##ber,51.188385642711
justice,58.64450063258567
##fl,17.95357434710041
##fp,7.8174072263121825
fun,12.867226428015014
nigeria,183.29992442223934
advice,9.239157168461041
important,28.840805563372534
meat,28.73998206866608
gun,40.286229357214324
allegations,14.34714683380204
##game,5.966347646193772
suit,13.517845691923686
attacking,10.625381290292967
##ouse,15.988538278664818
los,12.510037822023145
fights,6.287770406334797
commercial,20.764416670666638
##nk,60.95248275794288
dig,11.216674198267823
straight,19.411936862945964
volley,16.602355866233808
reliability,5.64580012996028
harm,13.375280603518545
public,21.480984146399585
lead,17.977702290153687
rushed,13.98555090942187
awesome,15.83670739341036
appeared,10.967353916359976
snyder,58.57092649725609
##if,5.91971418790643
christ,6.951650292513554
##l,87.79577392115813
buckingham,28.9210004072518
microsoft,46.04356061323019
effort,4.045343478770596
facebook,62.07595268137839
reporter,34.657813495480355
pregnant,90.19024096986037
robots,12.726294922037615
##ulates,17.17781998512403
motor,12.223939819531761
online,15.456786848652005
fbi,18.607227871238315
bullshit,21.02201806327178
##lt,16.349019476475767
##k,60.79571128390447
vice,15.667468666360296
he,162.49326193431756
abu,93.56901058482764
##led,11.449797183783993
wildly,4.950054695503392
greatest,12.562268157379943
pulls,17.3416902424928
##dar,4.331316056169687
##foot,12.181654733669232
being,87.21257039763587
break,13.227105530382968
party,6.765814426421305
preferences,10.618967003631832
investigated,13.375280603518545
pilot,9.02599130605917
cheating,19.181494881085943
duncan,25.151463194484
you,57.90254940351198
guarded,4.2921797139912465
surgical,4.35265010398411
some,25.437563558070117
full,20.14652542438296
attributed,15.646710805139532
past,17.84754072865142
baby,47.21214280187585
##ria,12.76893673322714
crater,134.6638412979024
kim,303.6697967480873
co,41.32206009113415
hell,13.873870368029852
as,133.92969312784902
points,11.29069345337015
record,33.84218871463454
apparently,53.90883771127304
moscow,11.684442789784018
someone,27.272246394086064
##nes,48.71082191364481
centre,15.175056672146965
us,245.8886519177732
hundreds,22.74387188577416
steak,10.359899086886397
“,46.697555408410174
##wd,15.338267080987391
taliban,56.70188325843934
former,22.20176587049497
was,198.43676123584464
vegas,16.232017856832712
seizing,15.596929051918693
targets,9.431140415454141
senior,17.103049900600638
gold,42.47604735257934
baffled,8.100516480603137
dragging,11.406373781697514
rapper,56.449823770105134
paid,20.81747472127531
sighting,9.995765841889002
usd,11.654317546716321
thomas,51.50914877053102
carry,11.117488594602927
tiny,6.848211164812833
##nch,3.525423269729969
my,21.43767764524323
ministry,26.2944878167924
1974,18.0082111828393
documents,14.335113655453142
fall,34.05672219257389
forever,7.938872436386365
##ta,16.44095214184881
18,16.24432030041014
rise,21.727201951747695
solid,10.41140927528415
refuses,14.001787151337322
large,20.477383461297457
apartment,17.85086656036519
##gal,4.926805299597288
constantine,10.701632043890811
##rna,113.56464897636775
shooters,9.370542687841665
eric,11.839285571149533
grave,71.77736946965084
names,22.750696477633205
original,4.379018934611896
want,17.57302092534075
see,73.27583034972203
despite,33.53948824308611
fishing,5.8330411858254285
call,6.846443175102383
pissed,10.450815720028485
cites,24.464912002522283
immigrant,14.921274197692306
steps,13.840773556740125
is,279.2838776594371
exhibiting,3.7967899071814806
doubt,43.834723580296064
summer,21.115271627524358
complaint,14.494845868851234
paying,7.1951497085653555
bring,16.271540905111753
area,7.365287600193318
##z,51.30896328582949
details,15.891770608981195
sc,10.71876053886997
insists,20.102287915713724
bbc,12.665178241753189
steal,15.82726984785316
operated,5.8044129867850724
fox,23.842924493642013
heated,6.2759921093534405
fast,16.388310114401502
discussion,16.987371106746313
abandoned,74.0412864864199
developer,19.482491667323863
bombs,35.523910603992135
##fest,17.364313323811842
lands,12.016497589627631
2015,45.113772826207246
funeral,12.148061103454564
gained,15.216877903626651
opera,9.451303862812038
sparks,13.853188193960042
fucked,14.02137089145088
boost,9.371643213832003
##med,3.7967899071814806
drugged,5.8624692961582445
ios,13.9577278549981
exits,17.44944886495882
buildings,5.530717284390333
better,5.005056539015533
cuba,18.082880879328737
please,6.523882310222973
animals,10.916567851909518
dinner,16.77721418018069
retrieved,8.314994608370704
100,161.90619732224766
dies,67.45814974379238
suffering,15.649868471085762
dev,9.438959978295753
##horn,15.826479532701748
ceasefire,154.91844980228953
driver,15.318110076954339
account,14.826497654247222
prank,28.059752372805
attacker,19.32778253833488
##4,18.156567400319375
truce,58.93734545841748
rubbish,14.752490872277852
##el,119.71870576662228
judicial,14.410812888750065
caused,22.576696948640407
cool,11.038284943760228
40,40.713911841046624
italy,19.88341151532537
civilians,8.793126242374981
tips,9.781679001998823
lodge,8.769045209044918
2010,14.238806273865224
restaurants,31.483998878225584
declares,12.578299555380681
##ash,16.126602208636672
48,137.74030674678568
hai,48.71082191364481
extend,6.595114991934409
manhattan,15.345822488256601
##ment,14.853824629071976
box,10.619493286393354
band,6.6777788499855495
govt,6.408975419566567
hostage,96.58236970880769
caught,157.89829489929195
##nder,8.484940696711867
warn,9.324273284725237
take,31.762473011600118
turkey,33.03279337376565
nelson,47.82541111240574
911,3.1163758896539155
##in,152.9521791953493
norfolk,8.998933359948145
android,3.5387745496638536
glenn,15.87760451950174
oh,15.69276876214585
trip,91.01476785090387
bo,300.8754429043387
##se,17.368710090572634
radically,11.78309495468805
##ination,8.02391466145838
termination,7.173201193420289
sighted,7.967571889955919
playing,9.196491169314669
all,159.05740285712855
don,33.73116459403995
##p,29.59719461682948
opening,21.80095990133517
military,30.014469797545512
##nd,7.8174072263121825
##ism,4.700636816710665
expert,28.650704564034353
brave,25.36814791774941
ritual,11.680864106313978
option,5.57595649575398
coats,17.09437678244213
reel,7.674589773290096
##proof,16.871788258414064
object,11.902266714809553
francis,48.23817543676654
unless,6.700024311482251
wounding,10.883148828831047
avoid,5.718451389669958
administration,20.615583443509234
threatening,16.248535845451883
didn,57.00865498455864
##ist,43.556753270008876
rodney,10.701632043890811
banning,6.2759921093534405
killer,37.86749414571598
guy,36.314849670344856
##hed,21.59222961128649
ku,27.527556052102582
##rt,9.47435240771382
ago,15.89085349791565
emails,11.706278368104446
fireworks,8.146252666221455
sort,5.216337231547202
tell,20.054824843184175
##mar,11.332431477890674
writer,8.913862167078506
red,23.851120270508762
working,14.071613744104226
term,7.865234165863355
growing,7.392580092946474
compares,6.499971886432065
confusing,13.496572731405772
19,22.62764979564201
##mobile,95.8004332761543
nathan,11.99505427146773
date,30.073039251021964
72,115.20089711882814
makes,60.381785863947776
##claim,13.337580211686094
delivered,14.137320565890565
##eti,7.637323151314414
explosion,29.52921693071936
##ore,19.647584657156543
tactic,4.045343478770596
##lane,12.373849396364482
ll,21.426693163197157
prove,16.800254990951352
redwood,15.86339724673146
viewers,6.613411495443417
scar,79.25538294887849
##feld,16.965525428847183
debate,11.004594121204333
fooled,14.066196829585321
snow,77.69110565751402
agreement,15.002433061796689
##lea,7.0302337204013625
survey,5.648063432110744
executed,61.00669597753619
##us,19.04093561206287
n,19.898282842270216
finds,38.8971052216172
guitarist,4.549283933433994
especially,12.817815395679467
delayed,5.023253398125848
severed,12.878039541196118
fixed,2.979228797282216
stu,7.1951497085653555
dictator,34.911128346819375
pulling,13.898325470227359
turkish,18.74059383948657
recent,10.41140927528415
keeping,4.533421371070251
trail,20.208263471042002
them,24.01893251421113
neglect,13.373963706109471
boom,13.131823758937749
literally,14.858305420117352
##lo,7.8174072263121825
pop,6.759293892823216
brother,15.574469419169763
flavors,10.67715922336094
##ance,9.438959978295753
##ching,17.95357434710041
supplies,18.431764467611742
er,11.119322281107861
mil,6.3783002494040115
sha,27.03831823877707
boston,42.35172296177202
se,33.96534672464873
due,16.838492893840517
appears,27.008768875648787
contaminated,9.167471885622133
##egorical,26.385329630583303
try,12.646910984192061
floor,13.988991836837178
drawing,8.490277485232657
dropped,18.145997885176115
theory,19.05419005159143
cuban,13.849646990857126
tor,46.52787200753095
women,26.88125624975426
charlie,40.0807838779994
citizens,9.215492075104276
##y,82.91534356239899
6,48.87334106453981
priced,21.051954871602707
go,77.5536472897976
su,20.939658925787597
decrease,26.360130295485558
single,9.169907054391404
hunter,23.53407335521363
christian,206.5991884510644
buy,15.072655514963191
men,34.05290700158675
##ix,3.109727242155609
zeppelin,42.67045524090399
parent,8.212973385444233
ins,9.771319035925705
residents,15.341674008381423
manipulate,11.36613091704271
leads,7.230606154516198
personally,15.336322573579427
##ere,16.709184932472052
die,7.568194101829286
par,3.5387745496638536
leave,14.345968359546767
level,13.442342186739662
sniper,81.648729380243
citizen,12.849626917684166
retracted,10.693973294829707
several,17.753333713066088
models,16.227851914285903
bosnian,21.643711281767807
oscar,25.79202488400904
memorial,19.395783914216278
energy,6.630027036049947
swedish,12.410424341439713
intends,12.294945418742861
future,10.151282515320196
ee,5.452835187909839
heroic,16.769368291820747
absence,17.87291589296453
ge,9.47435240771382
coming,34.31312997247433
robot,21.254034307540103
ref,12.291368669936464
generals,5.208101950767041
starred,6.951650292513554
zhejiang,6.536329917937373
reached,26.836424011109866
gave,17.491820433616372
al,133.1929265217686
explains,20.583041474674957
mueller,17.45058384687668
airline,15.653335673703863
warfare,10.418642293857788
nationwide,11.654317546716321
settings,12.861891080618092
ordered,16.473020956557406
##gb,9.247157148344522
uses,32.15927085767214
members,21.28012104960693
figure,5.0084260514634655
phone,17.08138701090067
ny,17.04791612956445
cuts,21.2786988668299
tonight,35.83480048834542
theories,4.905623979833951
##nee,40.01851177297682
inaccurate,4.950054695503392
lo,10.731624094637906
14,21.26098961177427
prisoner,15.682026667797423
investigation,21.526289969136545
contacted,11.625411328725734
family,33.767138106543705
shower,17.87518477393225
bullet,17.18728143798569
luckily,9.594358389579861
dominance,15.848012831398451
be,440.7174051323105
strikes,63.04118685309785
##ze,16.486803176248404
##con,33.35359640653726
and,405.03364097161364
dozen,15.413209488882547
tel,19.371973011164634
had,37.593462774416494
concerns,16.900889729098335
proposal,12.66927527455548
advisory,14.752701774503281
unhappy,7.584712923001927
##aga,5.5249989071470385
swirl,14.225471531945391
ax,42.82037992236091
##o,50.39817139530694
times,18.62363458338948
save,34.010165031718024
catholic,140.96148542345642
east,9.835325567137629
once,22.72758012251397
hacker,8.913862167078506
teens,8.72906451378252
£3,17.82579619643766
rescue,60.60990307861002
i,39.103506890615016
everybody,10.476496052570763
that,156.7091000566096
session,7.462896504957574
sending,8.931334235364758
attempt,26.4569148182446
putin,69.73702055283856
chunks,6.846443175102383
islamist,26.659460186555556
passports,16.800254990951352
culture,5.682031140587885
##mat,15.275695279507616
attractive,10.15236203744123
numerous,12.290609308275576
munster,8.334613268809449
pu,25.45109307388848
beast,4.791261735261065
pains,17.67069626999868
test,46.42338704855007
jobs,217.69260317545272
line,17.64134204478237
atlantic,10.207355094817249
cries,10.850256965080918
##ja,5.91971418790643
prof,5.3433819856401215
speeding,12.543688779125683
passenger,13.669808253155336
armed,8.767436246974503
16,27.588278901432194
female,108.76383671780586
##itarian,4.926805299597288
##tc,13.827465796190149
mask,14.941243821001823
hunted,12.551589220848685
',535.1447028644506
2012,18.857463303631658
can,34.90537725328404
kills,22.89788106070766
town,31.582709840114244
execute,7.839121761451772
super,18.388771586784067
him,52.63776490712942
rounded,20.211266359333557
breakup,8.195934517626473
abd,131.0463532815352
turns,44.23041782131823
dismiss,12.454211232731751
550,4.235638892736523
investigates,25.45011776743781
share,7.922144202992662
disguised,7.878275211856311
chunk,9.366114856900372
##ing,212.3078666838958
balloon,12.290609308275576
secretly,33.17763740994293
fake,119.97433229697053
leak,3.5387745496638536
mtv,13.337580211686094
southern,23.120968219670257
aided,12.67805112944581
guns,20.399452340760927
outlets,15.88771264982261
winnipeg,5.024472754211775
agreed,30.42197859214899
viking,4.819988994802174
steve,229.40477936646843
luck,7.854984882004328
thinking,6.5849924492857355
same,13.665668972166666
homo,36.71096213240311
like,24.100321508486545
homeless,222.10927329069023
pizza,28.295819660794983
pull,5.208101950767041
drinks,7.204352855612672
husband,17.623522668759776
worse,19.21367625415787
reason,10.24569782579433
could,89.85540229625079
world,47.21532418214736
b,15.396937536194505
film,16.190484990913674
license,24.549866250951148
##liner,26.066504426354168
##fying,15.123327806079722
theft,13.689370526794976
dj,10.673456686383949
truck,62.78121258560825
infected,26.5870210346662
domestic,73.45078287652126
sony,37.49588549183944
case,23.038931340647782
dust,8.033739861546678
##io,9.498839857952781
l,15.744899512439144
speeds,14.345435631924097
rude,9.594358389579861
given,4.903777412870368
locked,7.107853768608744
writing,20.68874942632027
leaders,12.148061103454564
authentic,21.59975225542137
##rri,15.123327806079722
well,24.566748175598775
##book,60.66999973080526
policy,12.662954766184393
cans,18.112198108285455
follows,19.822500535335152
including,27.700372389368138
channel,14.740318172614735
fit,9.17421315334353
##eth,3.012914709627135
##ow,11.510380314940585
anyway,16.063869243085755
jacket,13.784730341174798
receives,18.061284412623834
##jack,10.474904795997372
olsen,10.693973294829707
gaza,20.603611832370408
##lou,14.592832853570108
##c,13.04226191130018
end,27.167404227265177
named,41.56700417728461
diagnostic,3.6466929499580867
real,51.54434852623187
lighter,12.722780396449034
darren,12.649613041454566
without,9.995765841889002
sees,13.376984806293795
titled,15.867118535700639
bunch,16.344238130076274
servant,14.861704862585421
tiger,48.52310108257762
hero,19.18797057408322
##ize,2.965003601372631
nice,10.105605551858575
unwanted,7.637323151314414
spoil,6.185470537387642
##load,9.157887518220729
##cast,57.74701822877799
warp,12.373849396364482
58,15.509561826227788
pacific,9.366114856900372
about,75.7911451804284
afghanistan,23.75054828008536
##fa,6.196749732020395
##eda,5.096703557625325
websites,13.036711219569973
medical,17.839827796273145
offer,16.77200243267896
disco,4.950054695503392
may,181.74127462974653
siege,9.08546830537031
cease,25.62500780445018
alleged,155.40531002621864
swapped,24.77290628571767
york,45.21595786388011
.,332.12032973077356
revealed,38.78530506162713
tackle,11.623375288475387
dc,7.638703419984809
civil,14.861704862585421
ce,10.606091400647765
eye,58.10789060262385
terrorist,18.156487172551934
says,184.05864829150417
boy,68.35743147800544
dismissed,16.46292064561321
jesus,5.863209272964335
wary,4.35265010398411
win,30.038242121954887
supposedly,3.271194382012755
farm,8.868524580572704
##ists,41.64467241520517
35,10.476496052570763
second,13.98555090942187
hours,22.412987484006514
presents,10.687565904258218
darkness,48.70679841404187
abdullah,15.131803003932028
stainless,35.96918493635588
##mo,11.997195256473264
pupil,8.887166831185318
pot,17.71151317948052
wrote,6.870086850347416
certificate,17.95357434710041
trying,31.32361318135302
violence,65.09273243965809
first,65.40176983720107
holy,13.689370526794976
happening,14.985625695655015
confirmed,14.140162449543876
redesigned,16.84038962867151
letter,45.89191904122861
yang,6.536329917937373
key,19.905284513761643
militant,42.22401136370698
winner,25.79202488400904
led,42.67045524090399
brat,10.478341547147922
port,9.477366079342824
heat,7.617852582346392
skipping,7.44538387551519
fears,45.28442571478079
causing,26.819227596785094
trader,12.313988311405607
seeing,21.32864992216457
year,52.3735998671431
##mill,23.945348262447823
conflicting,13.408727199688977
57,67.51292588885435
cnn,121.19046493810156
require,10.616513865647663
private,21.518988102836325
femme,7.568194101829286
picture,14.004486205654526
127,9.04021183225424
even,37.853033667081895
28,24.761548399849232
friends,26.344640794173916
away,20.016108181647695
##gil,13.492912022023571
nairobi,13.496572731405772
blow,10.520199874019664
dime,7.302275351929341
tackled,5.3402141334283275
bow,23.193872492036782
detectors,8.358015667180307
piper,7.800491723638049
##ie,16.722591123407945
cast,46.880416481329796
songs,13.668654306649634
lesson,10.610929999146476
plans,26.281527905316587
##uc,18.094261754764524
alert,11.19900283799106
size,14.998402704022599
dull,12.472178293957189
##ws,23.585169142047913
suspiciously,4.6242640144389435
damn,12.897950047533106
meal,14.70125287227858
alongside,12.358227360012236
polar,10.922573639017665
most,14.382423247182308
teen,85.47479730554583
topics,12.132600929602068
##tle,8.735256278772754
attempted,22.869568195640163
ii,9.025631060106912
##icles,23.018293080130373
walking,11.994558710371557
##ge,8.989522138234243
died,92.1341259759386
complaints,10.232999166049236
german,14.465710195801043
condoms,57.81389793495608
##bu,87.57038923059645
swimmer,18.22578963377418
giant,19.991511725553288
24th,7.0054335803045005
samples,10.687565904258218
blasts,15.341674008381423
took,30.543866872454764
filmed,22.710950634579987
plague,9.516510285283672
gender,19.27013357863199
video,180.21952687747677
free,30.244103214133784
name,62.330764504946046
sold,6.711037641064713
islam,8.916619834916208
charged,3.1163758896539155
false,31.713642222592593
jr,12.148061103454564
heart,42.9366321689393
collector,7.638703419984809
fig,10.708809833633078
home,39.874597410552624
treasure,5.47417248899803
responsible,15.272548510012536
##pic,123.43336192343891
replaces,11.224108642914636
hr,10.480848804762529
catch,13.995263718071543
jordanian,13.274349601066762
dale,13.145232934003406
a,560.8744730649964
use,45.90061378486752
92,18.156567400319375
nearly,17.36557372596959
quit,31.44784513371612
bushes,18.304740894522975
let,9.766323266758205
fiscal,5.648063432110744
forced,15.341250376350011
powered,4.120487666550218
##neer,6.848211164812833
##tour,27.053074740044583
main,16.657263001260606
elderly,21.569608235672746
foley,567.635879675784
##tri,39.313745417600096
feed,20.988510590599496
run,13.105910265282118
##ok,4.358830398418984
move,15.219450353597248
english,23.229449909777188
friday,3.1163758896539155
whether,22.94662248151714
murdered,35.921321020598924
claiming,29.406653290239348
##oped,23.65648369777687
blade,6.965566068690785
richest,3.6791302548162044
##tt,8.735256278772754
##lita,16.44095214184881
##using,16.615319841106107
teenager,37.15379976574458
dan,10.693973294829707
property,3.1214477703655596
j,23.14691273020662
##ft,7.674589773290096
##q,12.15473013659082
stock,56.58328187032758
going,22.126686839972507
tries,23.57864700800695
cheaper,9.464773612201874
fide,43.49676062444221
leg,11.638444646546816
bun,37.8189865159884
luxury,12.258214427328191
gene,8.334613268809449
van,24.688038380848905
suspected,36.54197353528941
illness,16.615833818939304
terrorism,18.612398882371636
pants,20.715721167359842
samuel,5.876572291142607
weight,25.257289166834475
emotional,16.615319841106107
knife,10.932735908522012
min,12.455852002289285
duty,12.561446960561343
pga,18.24479303402975
guard,20.781007156187382
ten,31.884078694747284
det,31.346028816493714
themselves,9.691503191415373
underwent,11.92715763952123
epic,7.233005036073428
em,46.5480616993805
celebrity,13.230432529968901
worker,21.21305776430045
continuing,24.259038599611284
advised,10.477711783260466
instead,14.974088482015782
removing,14.998402704022599
night,15.663175426516851
group,47.69105467183621
owners,6.846443175102383
star,49.774860513374705
pope,86.27649884749569
hey,9.889566968357043
―,6.4151852680870745
fighters,206.85882765519509
market,54.71940100424938
##it,3.109727242155609
##itan,6.3783002494040115
kurdish,33.358291169354985
##ga,13.496572731405772
du,48.54057763493034
california,32.56528363150334
offenses,10.776255552806587
service,61.158874346401305
ran,13.988991836837178
limit,16.443524893125105
huge,13.367185428226488
hot,11.991677553524626
999,12.854629332208246
present,9.293730578505306
base,5.5540953773887125
gi,11.435798800341495
sa,14.481320805203534
cracks,14.837355912151867
##app,3.6791302548162044
anti,32.80859100580254
stage,12.452128875346657
purported,25.677934992658553
watford,15.70151123291565
jan,24.30720095104786
happy,18.081017714508835
salman,8.760109854128375
conde,20.398998987595675
accessory,3.012914709627135
approve,10.52767039224941
fitted,9.764229291708347
priest,199.7688931695467
only,18.370243922680647
king,33.55800863820467
sets,7.912999875146047
behind,18.526794974907038
##h,28.950832960803567
deceased,5.960741252385691
##man,84.32852380371882
tbs,17.045175897730047
##cade,12.223939819531761
minor,12.440678883228163
version,15.021496427505056
armstrong,6.499971886432065
nation,11.860313902717682
begins,9.572343535440398
somalia,29.47623835686474
##tial,11.909857472583894
nasa,67.96980839388009
##et,19.371973011164634
slams,13.83547351475926
##aid,14.067040658093724
espn,73.45078287652126
vet,11.981703966477205
rumours,18.17361441270307
crank,6.427739643018618
52,14.128613211312967
##ite,249.30631525484694
fly,22.3517362282262
human,8.847158453149005
##pate,33.23300453682753
troll,11.619374199357688
insane,16.60648338893259
"""",182.51850187642412
hunt,19.039304114109996
argentine,9.913986471302929
eaten,15.384946034457595
canterbury,6.951650292513554
##rdon,15.094017848463963
queen,12.477163841605977
rajasthan,22.55089420421011
chatham,6.951650292513554
the,362.1567516543528
cleric,40.93261623946573
join,10.784181509826714
films,16.42493157628276
trouble,8.094283163180508
stars,8.220475013163172
shane,15.413497921363339
remembered,25.36814791774941
throne,9.878535267523342
supply,6.97936822964306
britain,17.712604540705225
emerges,12.164499981124155
his,301.73031182760457
send,13.632323672185425
##uis,21.59222961128649
##date,4.544602744247063
cases,13.877829660318616
sky,10.619493286393354
staff,9.536229601276005
fed,11.261625249667455
captures,37.323085573939515
through,120.12313845040545
lake,12.149832214603254
consumers,8.466569784983228
pun,9.465187373869743
##ly,65.66597572127206
fabricated,14.865437094398372
freak,16.06536677971368
journalist,535.2359937531406
murder,15.552804883645083
##tch,11.332431477890674
tsar,4.358830398418984
##mist,20.108650169444918
81,6.081017769956173
choices,5.675496256510941
##gging,19.9549029363847
giggling,14.144942938665892
choosing,9.781679001998823
remains,13.337580211686094
entering,26.19211559466625
un,260.1749505946932
lavish,9.212286852421204
talk,18.21431232298028
document,4.36018409635522
mana,135.34179510140638
time,43.85963891656655
tells,34.69363339886788
libel,5.5249989071470385
gonzalez,6.985933692713832
land,10.73889775534725
##ni,7.373231566253424
wonderful,15.003273949421528
##op,24.83120238519711
cruel,11.159036336861256
mp,7.240318527496426
##ide,32.37937000255181
included,6.5542632861823344
massage,21.65368559472647
planetary,24.30720095104786
stay,17.738242268157432
arrests,15.32959029361887
##w,17.522571577732577
surrounds,11.318099211963474
attempting,6.693161273769631
jerusalem,11.065930213121357
much,18.029786713865462
fried,7.140885533874459
will,131.50139990811164
##f,43.396073396397966
definitely,24.61061210637824
ca,32.60155698671601
adams,11.30274523618573
chilling,16.999145828420485
or,30.730231341512138
##dit,9.465187373869743
himself,20.080563855047128
isis,848.2551221549792
wise,5.5787056589298345
boss,13.947733725548025
freaks,6.854720104460359
kara,12.183143692168223
cat,26.385329630583303
everyone,50.51902276038407
cbs,13.398022559642284
off,190.1867255085311
nfl,11.778874918233907
dying,11.527083473533306
diane,15.34868311994446
mystery,15.138980667699157
children,13.55289414237362
attacks,32.91544116047377
drill,5.208101950767041
5000,12.299198319175746
##ated,18.922954271903166
arbor,13.362150749169771
broadcast,5.185167907741229
plea,3.4343010215137024
repeat,8.595244404965532
soup,9.434476388110292
buys,12.515800214491005
campuses,4.533421371070251
movie,42.41563357280167
son,93.40816871889727
recording,166.88169124429595
##aging,6.608290727368202
;,32.76674202349233
##sg,5.096703557625325
suggests,22.73159897284945
previously,14.350587212748794
top,15.317599960167236
##am,11.981703966477205
30,15.9751622008775
donations,21.02201806327178
##bola,167.32652937889185
graves,32.77454875141607
amounts,12.896053563742345
aston,14.569574005146002
self,20.1422181001925
##fide,8.931313824100505
others,36.361428708153426
source,41.08749649359747
tin,10.446121817990608
##field,8.314994608370704
##il,2.965003601372631
surprised,18.24139034018945
threatened,10.490704268756286
airport,89.48594704357184
disappeared,9.421835592390723
hill,22.639754557701547
blonde,15.269440365258177
##oping,12.252162999132393
north,121.39333717573928
music,6.081017769956173
broadcasts,12.148061103454564
hand,15.60151609659835
limited,8.964186959593842
ti,11.332431477890674
1795,20.164831061517297
into,86.24817875188651
developers,4.906646615409527
trends,10.857717257959214
its,11.54135131872273
oliver,6.965566068690785
prison,18.39716601189847
app,43.58590937157948
paler,20.121374553062687
our,30.219027957678787
ra,7.967571889955919
stopped,16.579426906396133
tub,8.769045209044918
peg,7.800491723638049
scientists,21.665970568097265
fails,11.591575699701135
enough,11.832563709778794
hundred,27.129084977289935
okay,11.171789701844567
fuels,8.931313824100505
hunting,14.473497143299696
translate,21.632367336286027
evidence,7.936925255309642
bought,6.142127719585265
start,16.510148014330138
in,221.6334154301633
would,16.4077657335719
severely,18.21431232298028
##ti,4.235638892736523
heels,7.051744549668586
an,99.17613248226826
airs,44.5834468149811
dared,11.79350583727815
##s,150.73990356793914
winds,11.966565985866675
##owed,125.37581540137107
forecast,3.11690825358943
christmas,24.307191882748377
positive,13.548386662132419
island,47.44546667092857
spouse,11.092102563486186
##u,8.30221067538538
teaches,10.610929999146476
hum,5.0263662325503065
bank,68.0085768718752
price,16.582077181290696
accidental,15.058172012474742
snake,16.155458583545425
existed,13.054414956707944
brian,42.202792274269704
appointments,3.0723069710129476
vii,11.231407322939152
%,30.242926795590652
##ri,20.548676948387175
rat,46.02361585459011
repair,11.92715763952123
per,15.920068273026267
##rates,13.059456206180323
nas,20.398998987595675
ting,10.119012210995484
rosenberg,29.24431388898095
##firm,7.568194101829286
america,19.968701642119058
1901,5.317489664265784
80,7.611947151555049
ram,9.247157148344522
combat,3.794813379435202
aaron,19.057515021909634
butcher,25.244656626220507
current,10.017574882488464
fire,23.93988343860331
##har,9.376947394401713
stocks,39.01452995630074
package,13.442593496336448
##orted,17.89419179254605
##sul,31.403833517815997
replaced,13.898508020769734
herself,20.5433657645026
allowed,7.922144202992662
tugging,14.859584781314874
##b,23.995946194224306
v,67.3986277046865
##owing,40.14464489496332
expects,5.648063432110744
activity,8.8602494357459
traded,7.59458611625017
reported,49.73957080643675
via,17.055590119966762
opens,22.119522903612072
hack,18.010626616217486
palestinians,10.776023251021789
mistress,5.682031140587885
death,174.151688944155
##girl,91.63384800799582
saudi,61.60344341378722
warning,25.57752933444067
chemical,19.19405942387243
dylan,38.45474643270166
these,18.1643949590879
problems,17.63077366833693
gunfire,42.319269827755214
texas,69.80980789659849
latest,14.101659293039226
whole,5.622260456881699
serial,10.439255205144747
drones,14.198355175813367
##urn,16.47972687632781
storage,11.465198660581784
small,58.308275983601135
identifies,12.94364641571323
deep,22.892352105900766
impact,58.62618498261564
aircraft,26.94316517069798
tribunal,12.343177130080663
responds,10.24838465738261
pet,12.610983721225509
##ven,7.386962787184441
setting,13.4682456816057
3,19.1151919477133
bid,17.40525471533342
old,30.312346468569196
face,23.77942064910762
saved,26.20953539729453
bizarre,16.964164528150366
pounder,15.38296814372079
egg,19.9549029363847
creatures,34.60326877497925
announces,23.63138559457349
##6,8.729842737557824
anna,27.053074740044583
tears,24.84125486424685
stronghold,13.88035033648129
birds,11.654317546716321
calling,9.691503191415373
freed,27.21687763295946
proof,15.719986369372
para,3.7967899071814806
annual,11.680864106313978
twin,37.924206438436386
##do,43.5987331121998
parents,86.65070627079756
sheriff,5.692013784452801
5,83.90748916910493
swallow,5.622260456881699
politicians,17.808568116159794
##inating,52.7197935516313
assumes,11.14894215023009
##ored,5.113006451872871
##ving,8.998933359948145
contrary,10.713038555262157
condom,14.773662723661614
create,17.048084371517795
three,50.04727699776299
lin,20.121374553062687
brilliant,9.630358670487027
puts,24.259038599611284
linked,43.58354725155441
cleaner,8.713210877178465
catfish,48.462805831037514
joy,18.16771088332906
exchange,10.03149038348959
sized,13.844157951670653
aged,31.869399751233804
hollywood,12.815422336107282
hussein,13.784875509325364
fiction,16.96063930796361
troubled,5.9645959656740475
this,138.56988253400448
john,120.96019841252955
##list,113.56464897636775
good,38.60599227521464
shocks,21.697921195280827
##fb,9.47435240771382
##ort,33.866273184065626
meters,9.04021183225424
burns,10.115025679808419
detroit,54.34220623725263
berg,40.16555449282557
formation,4.53455528857035
youtube,31.747054104392916
traffic,10.15236203744123
married,43.51347575303009
investigating,27.045643059342705
club,6.068717237492004
##obe,36.71096213240311
rumored,20.080443456337733
##rate,16.981553404591445
major,10.520199874019664
reports,221.57983942375046
weather,96.4247478318755
fault,17.57104129372183
trading,49.44063017270153
offenders,6.237632394014208
directive,10.921183143099107
analysts,10.15491478962274
raise,29.817748266757953
inside,22.270588789187524
wilson,12.649613041454566
struck,22.04946090690823
lie,6.9354368638452
exaggerated,9.357481897552775
supported,17.743886019575218
restaurant,69.29164232175614
add,17.491766704546595
horses,10.916567851909518
daughter,37.24957797788503
##nne,13.258134547209306
fi,14.17372886285165
duties,16.412899530977107
pause,40.71314113369931
analyst,9.488485490627962
her,57.68855249491699
luc,6.4151852680870745
conspiracy,9.33931268948959
##gel,11.778141124524613
possible,21.12183911254567
held,29.291978954430782
cb,12.28821325516898
blew,7.537072934411898
accuse,4.316357455659999
total,30.146615858919652
place,23.718844055587727
##26,9.498839857952781
kayla,17.45058384687668
##bat,3.1163758896539155
south,7.78675561232469
##our,6.479945340667146
play,196.62926597278295
quantity,5.023253398125848
usb,7.6557413523198825
##hi,9.907433220283046
seen,15.300352162928816
scorpion,35.523910603992135
five,60.0659052795966
om,10.845666049859176
favourite,8.872446257476701
begin,10.168025381110546
wasn,29.66800803683831
spun,12.313988311405607
because,29.0353093147394
after,262.756645417744
bodies,18.605890377176916
500,39.983915344670415
cobra,15.988538278664818
##ds,6.499971886432065
university,22.157599980286882
gas,22.99946663455838
facing,13.446897526112805
chip,8.937168758557753
950,4.235638892736523
pass,8.358015667180307
1995,9.324104446952909
coa,5.127479308632388
##int,4.10962045046303
revelations,31.66821930954451
wrongly,6.951573032486633
##over,10.439255205144747
drug,17.03759716249157
nara,15.21972831144316
footage,14.33000961879446
apps,20.712646388123417
near,54.557287750212694
reaching,7.59458611625017
suicide,12.158056665592223
bonnet,10.474221659967174
crossing,31.117886221623436
bat,95.8004332761543
##rization,16.44095214184881
contest,16.300717350366888
spending,27.143825845118794
crawled,31.789462526670675
congressman,31.94462766623456
ja,13.226671931376691
social,11.489094393637878
samsung,13.969143612155332
spice,76.44021510644895
olympic,9.798675167475324
mo,35.29566088177869
##ray,7.800491723638049
knights,4.533421371070251
shaped,3.1806912241582226
##cts,10.252492625723958
—,45.46877042859403
list,10.756255741253936
com,51.23204544200457
lux,4.819988994802174
gift,31.69432339302213
##ignant,8.490277485232657
laugh,11.171789701844567
really,28.399425505366295
come,27.862367683020864
china,14.433720095914436
vogue,61.491445201881255
for,239.48101659549667
teacher,29.792985522345006
##3,9.92961599280374
westminster,10.784181509826714
palace,28.9210004072518
body,48.09916326268819
##ku,15.216877903626651
##broken,7.09245190854139
sweep,22.298377240203124
43,25.234770325960394
##lok,11.79350583727815
bar,48.24115474941647
ix,9.92961599280374
asks,21.07529415175633
lover,13.501587888847398
anchor,6.9354368638452
##lands,3.1214477703655596
intense,14.110976723099602
safe,25.89001173314853
##tive,4.53455528857035
rc,10.63261919042673
girlfriend,89.09119638486082
##ea,35.01029015390109
holding,32.84700178838368
predator,28.591821095275968
lamp,12.470030225998745
marriage,9.905338003902733
stan,5.47417248899803
cats,27.461284339215233
[SEP],239.90357526100803
chinese,54.6582141364697
search,15.989868700506797
where,17.025303290934065
cancer,13.4448163641986
sale,20.204504160012725
bn,15.006611744298421
pictured,15.719280802635675
undergoes,16.553941215681316
hash,4.929398161977641
shores,9.366114856900372
became,12.765789566807246
superhero,15.216877903626651
flown,15.90124591772625
600,4.671520706389126
steel,52.675513558236005
selling,34.2331318626792
gen,27.153864604823035
stop,23.374124444897834
##ency,12.708945139548657
outside,12.811384795391046
promotes,7.6034324004933795
##ies,5.216337231547202
##drop,67.11594084370311
re,24.42306915997783
##ns,20.275372220573733
##ning,9.442071395532741
af,7.568194101829286
##aran,27.165516854976733
hold,15.609800783577482
teenage,23.034249652817458
##tag,4.929398161977641
networks,10.993875844438092
profile,12.460862679060806
news,70.59811780656818
##lon,11.684442789784018
!,61.73510791701243
suggesting,8.27174635310785
fools,5.156302127202245
",",139.64191985623665
##vo,13.122662363434014
down,67.43531567087679
company,32.535661511964655
early,12.933178547627206
martyr,17.66434666078597
things,6.237632394014208
faster,8.713210877178465
##form,16.381985061557053
missing,143.18758329309492
##bine,5.682031140587885
10,69.76504131556457
##war,12.852839518120561
mi,14.726911459279622
bed,23.432140938073875
complaining,14.447877125968944
wild,16.381985061557053
halftime,10.446121817990608
putting,8.769045209044918
odin,13.496572731405772
to,270.9339954818909
##och,12.679056094938483
browser,16.248535845451883
hires,10.537200921571332
scanner,22.86322401814589
trek,3.830219889036396
owner,28.87698972453219
erratic,8.001449762119984
threatens,22.370390427427875
training,40.722985052602695
speculation,8.674716179546888
deals,15.080281881087533
killed,179.9321825903401
arabian,10.010143445279597
primary,8.809639385842846
surgery,39.72547917732187
minute,11.479838817639159
western,21.714871585893434
mission,14.43473967082562
hardcore,7.462896504957574
eh,10.59292809627475
zero,17.140767098353127
rendition,7.20043404678453
late,20.74801582141097
skin,155.75597495658874
disturbing,10.78004056171526
##erson,9.96792447939095
800,28.288862301977083
##land,8.830367997133077
biological,10.418642293857788
tom,17.522571577732577
banned,13.836005020505407
ve,39.14711960472899
joker,15.411179657328885
##isi,5.483773931392291
rose,42.82037992236091
burger,16.136415558245083
blogger,9.488483118236621
pick,13.749312662411555
experts,61.726147899118025
paralyzed,4.358830398418984
scottish,27.91158040007235
return,39.823811230419714
finding,6.536329917937373
##r,38.31925188375039
deadly,29.770163625226804
paul,55.65620823693055
breaking,53.54283256668645
sports,12.711145432983798
canadian,94.0456405921727
also,5.83830052499654
casts,17.896129596189652
nu,5.91971418790643
next,32.75764408427163
pets,35.17623331891604
than,46.081423100512936
electric,37.5819573279115
watch,186.29112930556954
wants,35.738853262782065
##00,22.273328337795814
sense,5.682031140587885
##lem,13.471351293172612
heavy,17.16461574952167
300,23.30775485580717
je,26.608851235169144
soldier,39.336177528398885
patient,22.292682283840115
options,14.998402704022599
dee,9.764229291708347
thing,12.751348172118583
##m,281.9644953287806
ending,12.099553953874702
bowl,8.872446257476701
##ub,19.371973011164634
seeking,16.400270237306078
cub,19.67902466280414
hooked,8.664758278988115
faces,16.451377387976176
president,32.04044114944443
460,12.44045082392444
reacts,8.490277485232657
£1,20.370235300681642
god,270.5423643827282
##men,38.95916068285072
advanced,5.64580012996028
##ator,9.96792447939095
uncovered,3.1163758896539155
suspect,40.49588538888658
catching,18.097369352065076
dallas,17.501700828375416
fell,20.243489448549102
lived,25.405103980820765
knows,30.53661283834259
pre,11.134181599432475
consistency,4.379018934611896
officers,7.318848981972757
paris,10.939494481660002
insurgents,21.70819261617073
clues,8.714200120297445
##ces,19.714465967270772
handy,27.129084977289935
##lu,6.524960126764682
storm,9.169412949179046
part,18.705135548426373
:,681.7385467999687
##ph,36.71096213240311
##mp,10.63261919042673
disgusting,14.773674250602621
suitcase,89.04593463506123
helping,12.452128875346657
],73.64395361488053
bag,5.005056539015533
customer,20.17459454336117
##ute,12.291368669936464
father,29.212753994421835
silicon,27.089734234492315
##pd,14.89302067794446
hearing,17.357213997708786
##wr,3.6791302548162044
##cope,4.533421371070251
asked,9.33170313735201
##ts,4.929398161977641
##rky,14.225471531945391
improve,11.726316084248579
landfill,5.056436525778549
ready,20.68874942632027
##ologist,30.863633244247772
fur,17.09437678244213
deeper,17.112538060932454
responding,4.929398161977641
school,149.68109169280365
gets,48.23406599982974
spreading,16.400270237306078
male,38.394110756520355
dude,8.123301136274868
preparing,9.05192238797221
dawn,56.110459085558915
da,16.126602208636672
##ized,16.130414931208367
corruption,20.211266359333557
singing,10.190485393317278
care,16.451377387976176
edition,39.64363728413485
##as,7.8174072263121825
currently,9.98908793376126
##tree,6.711037641064713
girl,22.126543273934892
murderer,8.913862167078506
today,16.421850347340392
bundle,12.546996216029807
tt,4.421308398100446
states,19.26430967414902
1,63.196250168095204
scenes,12.440350962655796
spark,18.095775705260145
##pes,14.200013823965689
ottawa,62.687279919801014
quebec,11.64802031749108
up,154.27879745386494
guess,20.286242308075188
##is,17.173010164423754
tire,25.36814791774941
##ril,3.902982255225859
church,6.951650292513554
are,44.286796123831685
know,16.565627672538486
sophie,16.451377387976176
-,180.95629053329995
penis,149.4133585849941
cut,49.22611491244029
lego,40.02081010807528
##hill,68.0085768718752
rejoin,9.656551137245721
showing,27.596465051650174
yes,15.051836582798975
proclaimed,15.036731429073873
saw,13.054414956707944
message,38.33892206213258
anarchy,13.710947874606093
produce,3.271194382012755
pits,13.873870368029852
mast,3.1163758896539155
ch,26.39837058301393
talking,22.04946090690823
cl,33.20866752569411
capture,29.524071401356338
ic,14.592832853570108
man,415.16102229075693
legend,7.927658276743611
launching,16.735033420652577
commercials,12.353730670429307
25,16.320142092781783
flower,10.105605551858575
hu,17.52296880260425
other,25.56879384951219
metal,18.228014916611848
##ted,34.603713847977495
has,214.88734161249405
rampage,10.087326893117295
images,12.424273412098012
fighter,43.71924855911927
…,26.610748070932402
origin,10.281898725449363
iraq,98.26949796705972
250,12.701454908611009
32,11.983738576997027
isn,49.69646927271873
unclear,15.627532183508622
wins,3.271194382012755
fence,37.419871442959604
heads,37.06683254234677
hidden,11.052022970973368
rich,10.731624094637906
mourning,5.815670773522897
suspended,20.09696379850913
est,7.568194101829286
american,366.7594416449288
member,17.06629206814069
grows,12.568216589403661
blu,8.484940696711867
##ete,15.961456823625754
find,33.62228676870618
shock,29.515727282202498
tale,8.742118994185418
touch,8.810459704042831
ankles,65.31561551044027
obama,73.69677556057137
anniversary,19.01451047095538
beat,5.47417248899803
scrapped,5.64580012996028
condemn,14.176257504938855
une,7.568194101829286
d,13.40282651597268
idea,22.66765856325557
production,4.811303902211382
lives,41.071565521155485
hired,6.579475608463158
pretty,13.089526607162854
##ut,15.454467603755292
–,65.96770844407243
gravity,26.360130295485558
uncle,12.14025264426634
timing,20.548676948387175
scare,15.932660229768985
smith,17.610864113310004
gay,9.018962816444194
intimacy,9.798675167475324
web,40.63348545930456
mechanical,8.594058548370102
snowy,5.0084260514634655
##lessness,22.352164527169826
##fies,20.548676948387175
lovers,16.558644474208165
##nis,10.544630699923294
intel,8.8602494357459
utah,12.560929068523372
planes,21.348433591363886
17,27.542145944754033
survives,41.52985417916849
been,88.0742706558004
##ined,5.483773931392291
recall,11.654317546716321
##ba,20.009523645949532
##ora,3.012914709627135
april,16.028456221026282
##ous,8.02391466145838
relieved,8.674716179546888
boat,5.8330411858254285
quietly,2.979228797282216
showed,17.069551870432846
aide,13.143994431913637
famous,20.449814631516716
broke,13.348710536171366
w,24.821797078366256
15,22.044374799020446
##nia,51.67063581871523
bug,36.18920557133975
rode,15.00244992830505
bash,9.018962816444194
shop,22.990956872028093
##erate,6.4975683645231275
washington,12.516440636674066
many,6.185470537387642
exposed,25.79925630299259
##dah,40.16555449282557
having,16.49997736529492
fisherman,21.193180100300687
£2,10.619493286393354
sect,6.519889943080418
##att,30.639417031076608
billion,12.568216589403661
awake,24.24454822512889
used,28.32320848590284
fine,9.955089216266249
ad,18.925767578162425
above,11.085156875987417
lethal,15.804051034353833
racist,10.59633397890229
jet,26.066504426354168
street,27.544882393500384
month,21.011792712405736
e,171.7875736454686
cook,16.871788258414064
expected,5.835742098433188
##ur,6.999536827658883
furious,13.452098814571121
boogie,8.480144047628517
##cp,15.507039286187684
brick,16.34677451167374
##rp,32.38002891615397
passing,16.030817733823866
pilots,34.53674896127326
feb,17.40628625391932
vi,14.964184540753102
##ilia,5.0263662325503065
feels,8.220475013163172
##pg,23.736309881767106
display,15.156065061881266
contracted,113.70790901739049
##t,36.991722052587754
rob,18.936147778332746
hairy,4.791261735261065
##rda,14.05002557957376
din,28.99345337126939
heard,20.499819588083046
gateway,9.465187373869743
##ally,16.615319841106107
probing,23.83294135349827
difficulty,6.4975683645231275
swap,14.877761865695932
##pa,4.10962045046303
emerge,12.854705932334381
drive,15.631780878710373
dramatic,11.424634980066067
devoted,9.548632860836761
##zz,18.19309759225333
paradise,53.23915815145838
[CLS],239.90357526100803
##est,4.392666660788137
james,524.1491305745996
change,5.689468369828243
squad,9.514496587927322
zack,58.57092649725609
massive,18.752179477810728
gunshot,24.08783523852511
fact,11.171789701844567
discovered,52.79770981229478
initial,9.138592829093488
retail,6.607123803470288
symptoms,21.213344736703398
##age,13.541190214314241
striking,8.208693810363577
excited,9.036759353801164
player,12.905665928010855
tape,55.738196744370896
amid,14.995330730561642
why,19.62174979841583
accusing,5.3433819856401215
##nna,13.710947874606093
blinded,4.358830398418984
credit,14.163138638057653
ko,30.606864362437122
buried,8.18864755135886
wondering,10.648615457735344
bullets,13.780115172548808
lana,6.726688738466589
##law,9.992981408977025
##run,13.032569537232382
ethnic,14.755568320172221
##rating,9.982169922308074
point,5.406942973496757
canada,14.158486091916933
their,25.834246682985224
dogs,40.7427045439731
rail,16.41098947564732
##ling,9.758612532105946
space,11.902266714809553
monitor,9.404791070069203
hailed,11.516853930375106
food,48.11216017326052
force,25.728524906033925
course,18.376977737093476
rudd,43.2465883212653
transporting,3.7967899071814806
saving,14.163138638057653
seth,73.30948083192969
beheaded,150.71859337482317
crime,5.91971418790643
job,25.8856806322036
##lk,133.77390339800456
##jo,5.483773931392291
plum,51.188385642711
expensive,10.096249652365284
incredible,13.401042732360352
book,11.946377894386973
##co,13.792619964808031
etat,7.568194101829286
##una,4.614438196684384
multiple,9.890328364104255
prize,20.263988093783304
##iya,9.992981408977025
nbc,56.591087341553035
blur,16.781947192290158
eyes,12.43583056061913
##wi,51.17336553495213
flee,10.776023251021789
##agger,6.9354368638452
cu,133.77390339800456
basket,10.105605551858575
give,32.28908658764097
gunn,13.780115172548808
drops,20.523683879581462
outrage,7.173201193420289
##ified,10.645728541333296
kill,17.30985020666654
monster,5.622260456881699
##ada,6.7767662922886585
ur,57.77885948511702
##bs,12.195999010523426
become,20.02405109885712
alan,15.354830758296682
catches,20.28578732063214
scotland,47.89716397721907
##ked,14.783820079701197
aw,13.297618833780964
learns,12.515800214491005
professor,4.827450505985132
live,100.86883947362313
giving,19.68396222053932
hilarious,4.025583647340866
defence,16.77719928133711
falls,20.42688790762319
huh,11.50522891325628
charging,12.888910170083154
serving,34.26866080736044
net,45.9284439431212
jong,291.2203296305989
riots,18.42892737307274
24,51.67970096691964
g,15.507039286187684
##ita,6.4151852680870745
clip,10.281898725449363
occupational,24.549866250951148
##ome,9.516510285283672
maj,55.45275550482096
state,316.2373237688803
absent,13.84953385363785
##hot,44.623985737889555
breakfast,6.068717237492004
meet,26.134026443679048
bad,24.710838244289636
action,22.93539847460707
shown,7.20043404678453
##re,12.75483187500539
solved,23.76649202663261
psychedelic,8.458482940964748
mall,14.499943895321739
##tter,13.710947874606093
##pers,23.020707323230205
200,35.48834401588956
from,58.741162982545525
slim,7.6557413523198825
lost,23.055112617934032
##mm,5.0084260514634655
unbelievable,7.6484397757246185
##pr,15.884506920954134
arresting,12.99842639674371
palestine,4.316357455659999
response,13.434644892580938
monstrous,10.797956885724311
revealing,8.212973385444233
black,10.653903084502694
kissing,4.614438196684384
+,5.532546916248229
describes,9.798675167475324
##onne,10.03149038348959
delivery,29.97802528737716
trick,10.42531142738859
##firmed,33.35359640653726
australian,19.310243967687143
##rated,20.05265115675468
just,43.08280233243105
known,22.000129249977963
actually,20.86359983010296
prices,9.558222455242056
bog,14.470894342280983
components,8.51225192981673
hoax,297.4612908470514
with,182.54249626476312
##ise,16.75004756749838
mill,30.145107178096143
ahmed,15.648033001021192
doctor,14.54632353603293
##ko,294.25717791627443
alignment,24.30720095104786
pay,18.066376944506185
features,17.366233816528357
##ct,10.03149038348959
##uga,5.27092167143798
hmm,5.0084260514634655
contains,21.242063351606088
avoiding,10.132183543690516
murders,9.801839644828386
67,9.04021183225424
streaming,27.90453942340885
##la,12.003762568009655
allow,3.1522054186645585
internet,78.0893089563042
religious,6.519889943080418
##fi,14.241234225519712
lady,14.18539606001701
intervention,21.65368559472647
guru,17.162967715454336
del,13.5067381222565
hospitalized,15.047747074218794
network,5.185167907741229
tropical,101.67848095465826
filed,8.683854865963667
girls,121.2409105178472
does,44.29186829090856
cure,16.400270237306078
remove,7.78675561232469
##rone,8.02391466145838
ed,15.968236425949671
sigh,9.55915615668772
she,80.91925387616288
checks,13.376743780610855
clint,17.736119016407947
holiday,42.83101684245238
story,74.0826612779888
lights,9.514496587927322
looking,18.149945781348517
possession,21.106165758746585
keeps,12.10511463651073
completely,12.763797776068726
launches,22.649893717092667
kansas,22.25898473240703
plan,13.145066327471369
help,28.5375579887258
netflix,9.464773612201874
grounds,10.029311151610289
update,29.92289642789362
stomach,60.54811203796164
adult,6.58031079013953
floods,16.758648639667594
helicopter,8.550004630157163
#,44.747575665245144
70s,5.406942973496757
short,4.473061823355261
raids,21.349689870056306
sy,12.460862679060806
mexican,61.18004172593812
heavily,7.219023191955029
genius,7.471032180784295
takes,37.29990385164458
newborn,5.337759042131338
guide,22.999469438375503
artist,43.34683615750143
standing,16.615319841106107
##kr,86.22287158165425
recognized,6.287770406334797
shocking,54.51422238757217
therefore,4.429265049138812
##post,6.725295495057076
##oun,19.526639100001002
beatles,8.913862167078506
appreciate,17.048084371517795
stumbling,5.0084260514634655
trend,7.611947151555049
magnet,28.814000549138527
##verance,6.166839924342041
brush,4.882388689602901
creates,22.892352105900766
asteroid,22.967961870847667
(,121.4725038988813
processor,4.120487666550218
flooding,4.316357455659999
hen,9.442071395532741
syrian,20.83557110292793
rare,42.72186251210029
##ulator,5.667740327454476
were,25.72987044181296
olympian,12.044522823611144
rum,6.479945340667146
by,238.2652544551819
what,48.859821064955234
filled,18.523069520726203
offices,14.214231686796026
tr,15.988538278664818
million,168.92720536943597
##iger,5.91971418790643
##sts,5.5249989071470385
weekend,11.626847313273986
tip,33.724998006343895
elaborate,22.947595673387045
michelle,29.689399408405183
forget,16.52613365329695
health,31.14047375160437
eleven,16.602355866233808
harder,9.628826261049717
mother,30.950764093480114
graphic,14.77751017024741
popped,10.474904795997372
posted,26.612497419772932
##pping,5.225587778887961
rivals,3.5387745496638536
crash,10.687565904258218
wolf,33.59817932873335
##sh,20.216520445866603
jumper,37.419871442959604
##ois,11.738167859581758
foot,47.08499445361561
orders,13.28284247638052
chill,12.02701051040198
did,121.50278562252132
era,9.601217729359115
imp,9.96792447939095
##mas,14.783820079701197
##ration,11.27100359951142
yo,51.010130055641746
prompted,7.173201193420289
denying,12.514983877196254
miracle,4.36018409635522
platinum,31.336825280347533
##sie,25.653289185247548
##gi,7.386962787184441
treatment,18.575281985979107
masks,4.35265010398411
came,14.066196829585321
work,35.484793753879565
clash,9.421835592390723
months,19.35505867181556
##lay,133.77390339800456
big,85.94068286847467
train,20.156365697193166
omar,6.985933692713832
reporting,9.794146157934792
vs,18.911282657791997
ill,22.226210348834147
lawsuit,10.860393098473876
tau,12.14025264426634
ahead,24.59549333601787
calm,16.79449742529215
passes,15.08283089266566
ms,12.244014941985878
##cu,5.682031140587885
arrest,56.23517521722018
director,6.185470537387642
reservations,27.82566285672823
seems,10.126476403322664
&,31.514416282167677
statement,15.631036248053928
plant,50.096885539507625
extra,32.35048500965067
turn,10.143426878868961
child,43.48705044953155
gill,29.24431388898095
incident,11.060751142653968
fades,25.588881496317097
ab,25.59715034529686
tour,17.9721034980688
##1,9.498839857952781
discretion,11.680252206748904
tend,5.208101950767041
drives,14.921274197692306
boyfriend,24.30671001451988
stored,7.677009182357176
hospital,30.10963153227355
indian,39.62052176123266
##tm,11.435798800341495
getting,47.88684994046312
f,15.0049708898609
spends,63.99564172542486
pour,12.099553953874702
iphone,54.028650145795844
##tered,11.738167859581758
apparent,16.669881136393823
folks,5.710701487121657
kg,9.04021183225424
surreal,10.648615457735344
kidnapping,16.611365314277027
captured,122.68349723856446
looks,19.61246075387171
##ne,17.237967612512215
travelled,10.017204418134602
cold,13.532956375521094
spokesman,8.48391329845734
sound,13.17191885691105
january,14.299643387746272
west,18.880017069110572
sera,9.438959978295753
ship,7.492476275837258
hits,25.55923545809507
##ye,14.773674250602621
000,80.814310982469
becomes,10.068687131190186
coalition,13.352509938114046
israeli,64.77297784882964
4th,6.368164563180331
content,6.848211164812833
two,39.40187109980256
pure,16.97032188494172
pe,13.346251937551925
ski,7.677009182357176
##ova,6.4151852680870745
spies,11.184150461513147
dakota,5.325790016253492
angry,47.33755142524008
desk,14.773674250602621
jess,17.054920756315386
##boy,36.6791418569924
/,110.62284890709746
shows,48.47259090224906
scandal,5.9645959656740475
rec,14.25524264055773
den,19.714465967270772
customers,44.660993167765554
patrol,19.693995305762176
elizabeth,8.291335488783684
280,16.209820061131047
fan,8.735256278772754
thousands,7.934151437439264
fear,38.23774157990967
dead,232.08501856142385
##sa,13.724934993918586
files,14.768696685191939
causes,32.13124077155778
##ieving,12.221574629832366
beginning,14.572601250085306
clean,6.0795349255296
open,73.36040081309484
amazon,38.58673892945695
criminal,15.994598645062583
brad,13.710947874606093
audio,408.6523221616167
law,28.193803305416527
naked,33.186452159894806
gives,24.72116729061699
discovers,33.43073797299141
do,29.72773100880842
airspace,11.521289945197049
intercepted,15.6261492218473
newspaper,13.249721263152791
execution,59.16539681648738
##qa,7.967571889955919
drawn,10.128968357404995
soap,9.451303862812038
ex,34.85274766691592
frontman,17.013144964527225
kevin,15.978102153044619
##house,8.18864755135886
dumped,43.0770897867213
quoting,7.386962787184441
12,45.008869753360194
o,22.823206877403386
recovered,4.828976277444228
fate,15.627532183508622
national,17.995650744938114
##ish,14.569574005146002
brit,12.4446266322368
doing,20.32672792567787
##tr,15.479986518791069
##rkin,19.057515021909634
pl,3.012914709627135
clinical,12.772967775729821
photo,131.96599486720612
those,14.761691398118096
ke,17.18728143798569
declared,8.416347377381781
##wa,76.2884540242584
dump,16.695670669386864
lose,6.700024311482251
sources,18.35563438035454
gr,21.412768349559244
ticket,26.345266884866444
7,56.96601616296046
finally,11.69085571811477
grow,5.127479308632388
thanks,21.63932507208606
kidnapped,201.74055084453823
kc,16.644819439808963
ended,13.752400935040782
##power,18.388771586784067
thinner,15.439580462323661
sales,9.74719693691958
##ry,13.297618833780964
kane,8.850894664041386
fill,12.148061103454564
partner,10.694486966805046
intelligence,18.53280884677501
allegedly,94.11743899817846
heaven,71.8800669963132
vow,14.142362177964534
role,23.813543495788164
considers,9.434476388110292
went,29.64455674598568
##lor,26.39837058301393
##es,18.948268788880302
##ll,13.115496896232525
jin,15.388158467254357
revenge,20.460639601561454
pew,12.148061103454564
puzzles,24.26054980927075
local,23.342350808066048
##head,300.79209047284564
weighing,7.674589773290096
t,224.88778965566857
fallen,5.794509979711957
vickers,15.978102153044619
materials,14.376457230804297
little,3.5670566965709973
evan,5.829636134972498
512,9.247157148344522
bal,206.5991884510644
victim,39.62499145490385
starts,7.611947151555049
poor,11.463464167493301
announcement,11.695707445329056
paint,16.29532203407406
power,18.271184931309225
q,14.067040658093724
ho,15.123327806079722
comfort,10.532119180659697
doubts,38.91755948187401
surviving,8.849353495322628
{,14.195191658921125
ba,86.22287158165425
sped,7.363369089137644
sure,7.9645438743907935
##bar,5.91971418790643
##id,6.297680645595449
robert,50.096885539507625
##hood,14.899041159183074
contract,53.04751267616674
shortly,2.932235980894941
out,70.24757324656554
left,7.715513391011489
identify,32.387477041417306
attempts,7.59527460845282
voice,25.563485406772564
we,28.30234065991598
skipped,32.36702260479104
##ed,75.19859520388614
who,157.35263824183116
m,16.212059394926015
grammy,3.0755134193080735
court,6.519889943080418
viral,124.96139932717531
der,13.806782662843467
sex,63.43295031728714
turned,20.59343223226318
russians,8.26598090855503
plus,4.846951008388667
dams,20.603611832370408
confirming,12.514983877196254
##j,8.001449762119984
rounds,6.854720104460359
believed,16.9450380162727
fatigue,6.297420999495177
yourselves,12.658068218717782
violent,6.975693290214751
never,56.35398717861648
manipulation,5.876234880464162
##om,12.460862679060806
gum,6.711037641064713
castro,44.88474958832922
ceremonies,3.0755134193080735
choice,16.451377387976176
criminals,16.248535845451883
”,46.697555408410174
rebels,14.245976507524782
assure,10.916567851909518
wife,134.80627212960698
young,38.43578406461058
genuine,7.738866794423246
best,5.042923792155863
keep,51.74130021185498
done,15.87760451950174
bodily,13.375280603518545
abducted,56.2676443966576
yu,7.140885533874459
relieve,5.185167907741229
ha,14.717333564073833
##cens,5.113006451872871
beard,9.357481897552775
brown,413.76419766093136
op,13.054414956707944
sack,9.67220771578394
»,9.438959978295753
crazy,6.870907730207081
magnetic,6.725295495057076
of,267.85914882416546
##gar,10.439255205144747
accused,17.659291768978886
##for,7.386962787184441
railway,30.454820019210633
##hend,16.914981279056686
release,120.23455180040774
wearing,15.774597546492773
claims,172.44636054384424
probably,29.069928802863497
unnamed,7.2729248255649965
aid,17.573928818411144
need,14.399465083185476
qu,27.165516854976733
painted,23.859362851590152
##ming,12.852839518120561
defense,7.2729248255649965
cartel,9.255286019292514
spend,16.840442732095234
life,52.309615015380054
investigators,8.206184180533556
27,10.15491478962274
apple,366.95465676038293
cy,7.78675561232469
woods,82.71733515333202
macau,133.77390339800456
##5,14.844240344477182
style,39.999231740490856
popular,8.517231777992066
mort,7.568194101829286
ban,26.139223520848134
qaeda,18.17307629400882
williams,42.202792274269704
supporters,11.607205326158885
ben,5.692013784452801
prop,5.5249989071470385
ud,9.446177978449048
bend,15.042103360512858
high,70.36577993829373
proud,14.921274197692306
##60,5.096703557625325
hopes,19.048391177461593
plot,3.1163758896539155
sacked,26.12692852642009
posts,24.773262539563014
ji,12.871470629584847
virus,65.96560497950645
##per,12.672042121733945
car,31.513424828974287
jaw,10.648615457735344
##ers,6.185470537387642
bali,90.50274904426183
confirms,93.86822398310585
debut,15.6716481606355
paints,6.651276537386351
grenade,3.1214477703655596
here,23.337000596016367
spotted,14.591319547501353
likely,18.961865264405517
boyle,16.95320365268358
animal,10.020820342357126
illustrated,8.208693810363577
before,11.539020488163853
taken,13.960748139200755
farther,15.084495021138743
city,43.01928515594554
mir,8.314994608370704
##upt,7.107853768608744
aus,25.653289185247548
threw,6.792302187474956
publish,11.36867090983527
nightly,18.117258138519443
dh,39.68711648289971
grenades,10.584970488337405
pee,41.06364556038224
0,21.607385949248403
they,27.27494533522706
footprint,5.0084260514634655
celebrities,12.148061103454564
injury,12.073333802140276
recently,13.496572731405772
##ue,15.479986518791069
arrested,88.6512490859478
demands,8.02391466145838
updated,80.15351735429574
youngest,22.13104792630478
wine,16.155458583545425
cache,12.419090067617837
1200,4.360407033345535
issue,17.53364129784677
got,30.709178597518612
traveller,8.358015667180307
special,4.025583647340866
panic,8.913173430268394
frustrated,8.358015667180307
looked,8.830367997133077
protest,17.746104338949724
people,35.91696564918077
travelers,4.35265010398411
banks,135.07096442689888
made,160.45122648807978
),121.4725038988813
##cky,5.239114182594969
suspension,15.84245649835254
bail,26.44098448212111
plays,36.1799467291117
seize,16.184853013911113
witnesses,8.71868563268926
tweed,13.784730341174798
shoot,14.688976798684738
charges,12.021107214821413
fe,11.684442789784018
##yr,34.020210448499206
##tagram,9.771319035925705
look,21.877367062753994
##oca,4.53455528857035
130,21.02201806327178
99,7.8174072263121825
sugar,68.0085768718752
##a,23.78417353446729
ends,21.113904064109242
horrific,18.358625438751464
tipped,8.990812347052977
abuse,19.420923530013017
handed,12.897950047533106
korea,92.31081064548239
troop,8.810459704042831
tickets,10.750050614779402
triggers,10.902820631307877
appendix,60.865015806957764
your,59.47932618721186
hank,68.0085768718752
evil,19.066781843769753
am,11.380001321623094
fractured,37.67539829136209
sick,23.05034078949479
##tra,4.827450505985132
totally,14.594116411526375
##kes,20.031218576133313
cause,12.421164870991559
spreads,10.993875844438092
non,9.438959978295753
rough,16.964164528150366
earth,22.144149145351594
recognise,10.59292809627475
##ny,15.388158467254357
miraculous,31.66821930954451
##ban,26.685414233129933
exchanged,7.59527460845282
resurrected,15.21972831144316
won,42.778739341336184
##elman,5.692013784452801
majesty,7.10387955059162
insisting,15.493677690526404
##ve,12.941731640157105
disease,15.804051034353833
heroes,20.283374604681942
claimed,6.9354368638452
units,5.313086221708885
research,8.695528703783525
satirical,12.751850792107764
during,61.52718107812942
luke,29.05145593373141
##ks,4.2921797139912465
convent,8.895542322115764
rumor,37.44561803263805
##ic,6.965566068690785
shia,7.240318527496426
visiting,5.5540953773887125
relying,16.593982963892206
wipe,10.618967003631832
condo,12.510037822023145
appear,23.552465319250565
ctv,9.92961599280374
##wt,15.826479532701748
@,17.556024514688655
pose,9.324273284725237
et,9.438959978295753
trained,11.123936395162643
whoa,10.963388129401864
inter,16.937447691101873
mum,20.756731134460477
capital,128.91256442744535
turning,7.828707971557286
##mb,9.247157148344522
stays,9.768693309297761
purchased,9.324104446952909
neal,11.19900283799106
yields,5.317489664265784
slap,40.01851177297682
choose,10.477711783260466
##mpt,12.460862679060806
tablet,5.198134619269602
detainees,11.625411328725734
read,18.953443961699744
officials,49.51948753937707
libya,23.04782339111248
mala,12.149832214603254
sadly,16.139636808189575
addiction,12.15216405758058
assertion,17.055590119966762
pit,13.115496896232525
porn,14.172993720756809
pictures,13.358547199905315
every,7.958416244716796
exclusive,28.79501030763739
employer,10.880609791729755
doesn,21.02322857240103
sounding,10.477711783260466
student,73.69646367675362
me,26.678488012506573
herzegovina,18.0257367935955
powers,17.186143904883483
sister,63.18074289168395
step,15.074303107548545
fathers,9.601217729359115
day,38.8152725602801
oldest,14.300944899666277
mortar,16.34677451167374
slain,17.06676312660037
throws,27.251206308258183
encounter,10.417178652937016
six,18.520242259232532
hbo,24.466663585710098
operation,8.985820595205906
##bund,3.986661673032139
treated,18.467721155619927
goddamn,8.681764545063537
evacuation,4.316357455659999
drone,27.789646934971927
mode,13.237041563555913
’,289.10216025010993
instructions,9.864779337972365
crawl,17.753333713066088
headquarters,14.1790593204664
days,103.6250806690421
thinks,11.19900283799106
predict,8.334613268809449
crisis,23.1733825125284
##rds,27.527556052102582
alley,10.625381290292967
masked,10.36827070889582
mu,14.225471531945391
generous,14.859584781314874
chicken,7.140885533874459
stripped,3.5051037116688524
rumors,74.08043891984377
bombing,17.946562850183636
timetable,4.4810214949976
##der,12.020503256435955
casino,7.537072934411898
##box,7.638703419984809
taking,21.506163908539747
incorrect,14.29770143516222
commission,10.687565904258218
raid,23.289228477173243
##fish,32.001508748890366
happened,14.101523000126878
##9,17.16405856865968
##less,26.867493675405633
deal,98.21755709281139
takeover,9.209879057282771
bill,9.47435240771382
gain,9.775686841146175
told,26.552119088044726
vladimir,46.540403203705225
##kers,5.8624692961582445
##nt,15.00244992830505
official,55.687609121543886
tribute,23.140233158044467
pulled,5.208101950767041
psycho,5.334280305367637
##ster,17.476002803815273
shocked,10.52767039224941
k,61.60145173569704
##iest,7.854984882004328
##rs,27.604366463225823
noise,4.041228045451259
jihad,199.6274274462346
##tes,8.239285314457389
tearing,9.379455419101458
jj,16.275639467392004
charity,11.79350583727815
mexico,56.64260731990033
no,147.6208736630265
scary,4.533421371070251
pas,9.438959978295753
responded,8.059066033164745
panel,60.47711408678611
stolen,82.6550778665548
under,180.95331062601258
users,30.9140008951772
holds,11.754875320098895
cops,9.183707024692493
13,28.273852374466298
##zing,30.204946707823172
hara,300.8754429043387
sunglasses,9.995765841889002
##ting,18.597062408654832
born,33.18999026070141
least,93.0289316260424
cross,27.71536296357832
##oco,18.936147778332746
cancelled,8.681764545063537
nun,25.18335952103388
partial,22.352164527169826
freshman,14.768995775597418
sites,9.52501719379817
variant,14.327052207624545
##gen,73.30948083192969
participate,9.632601428465161
somali,21.589679075481264
dna,34.10610712827021
complained,6.554330870981047
messenger,9.621564165789508
moments,14.061013990790663
##bies,19.12898973823693
ze,43.396073396397966
##vale,6.416206753482562
website,27.444888112001653
flew,10.784181509826714
british,44.25824444594375
shot,116.51593764231487
il,6.965566068690785
blocks,9.377667958724665
villa,12.410424341439713
felt,12.110171119735945
years,81.62919883478901
organ,10.15236203744123
innocent,11.189080053664812
conscience,17.050417345979756
2,71.48050151074473
tires,9.516510285283672
half,3.11690825358943
sensation,13.520447983760905
dubbed,9.423546673581141
releases,30.64877373180713
hit,28.373609432344786
##beau,43.396073396397966
pillow,8.872446257476701
feared,17.710803265348126
charge,19.96426014630661
##pe,17.797235584236308
raised,19.347957633434326
police,35.77707062603948
saddam,13.784875509325364
march,14.66514678224677
hope,25.588881496317097
chief,41.3867349832833
rev,16.709184932472052
horizon,10.418642293857788
cesar,30.145107178096143
##ica,9.434476388110292
##e,236.82304080720806
sac,9.621564165789508
room,12.107216232384415
physical,15.313978816340601
##dog,7.111135103125785
prototypes,7.878275211856311
around,26.914801710103422
wo,73.30948083192969
abrams,24.758747295368554
pack,10.478341547147922
biggest,13.26378692188335
season,8.45909564627405
pendant,7.568194101829286
eating,17.526899185104707
kidnap,16.265124663745894
##face,5.960741252385691
strange,32.51847280991248
thought,25.28891482040392
chandler,11.80641310957236
campus,26.469773576662316
prosecutor,11.289378780386727
generation,12.183143692168223
?,379.8860106719404
any,17.95873061232138
accessories,5.094388331594993
must,9.442295753955033
strips,17.12034236970878
watches,13.713581813977733
there,67.24350885215932
hair,82.21118344028167
con,42.21282207763755
bit,9.324104446952909
johnston,10.731624094637906
probable,12.421164870991559
confirm,17.16837907418951
spent,31.290102837114812
protesters,20.211266359333557
said,61.58994065323461
sam,14.898618446623333
##ab,16.243741944288576
##king,3.830219889036396
muslim,10.41140927528415
parental,13.373963706109471
mass,76.5434808405603
great,8.6549866197131
india,30.372330506158296
pushed,9.933642575041066
ceilings,15.569583141109792
still,25.136027231543828
set,102.08599471428482
fight,14.900766996577175
reset,16.0630491474617
stone,16.201375789906606
##bin,8.033739861546678
valley,31.927337734509635
albanian,14.755568320172221
tee,8.769045209044918
truly,15.123327806079722
##ation,24.745240985651957
met,46.630215435666685
fighting,19.898220932849966
flames,17.808568116159794
mohammed,46.99992053785626
potential,8.913862167078506
x,16.553394166681297
##te,11.899711470848986
potentially,12.897950047533106
##gate,58.4396822225479
mean,15.855468088750923
##ity,3.902982255225859
later,15.358875459862693
abdul,8.035600157831993
messaging,24.574949666835934
knob,8.010264131811564
id,8.047882221527942
bro,17.522571577732577
safari,14.238806273865224
cheese,18.85200223796818
##x,20.35899564680736
##tness,51.17336553495213
goes,47.00432109655064
trade,12.874439958635197
meeting,13.763567647162605
love,22.56716423226019
founder,41.69436818389291
seized,16.46089124035651
then,18.62864126168305
making,42.12495889052208
prolonged,6.911559087102115
woman,172.17142335427366
digital,6.596674628194307
iraqi,101.84840220828286
battle,17.134199542713276
##weight,23.56852314969673
##rily,5.452835187909839
parts,5.473237275014843
bite,6.142127719585265
one,48.679893330598496
how,88.68296870664925
impress,13.07402891832339
targeting,7.341285454556504
£5,6.124488634671137
mushrooms,20.339931757966948
dark,5.0084260514634655
unearthed,19.747611525740542
report,262.9696193387555
colorado,43.00352274324844
pitt,13.710947874606093
disappears,6.297680645595449
morning,20.449814631516716
store,17.282011784322442
circling,15.37285914583237
′,22.06611332788066
nouveau,9.438959978295753
41,15.808900139110545
monitoring,16.548065589966736
works,6.870086850347416
2014,42.29009392553462
shoots,19.941730597031825
ramp,6.608290727368202
revived,31.66821930954451
baseball,13.669342962866034
improved,13.365771454750794
registers,7.329327540201508
warns,13.35060956976257
when,35.43084440909294
tissue,27.129084977289935
nicaragua,231.85772455147406
sun,16.68904286777991
singer,6.642937992684829
forthcoming,25.879173849551485
rankings,11.36613091704271
kenya,16.219078082158493
hard,10.260049116058964
overdose,16.929010122752633
mis,16.381985061557053
desperation,6.536329917937373
##ped,13.966779775553817
tourist,54.80907112820848
reunite,16.274292104588042
##ulate,11.734028372200564
too,9.646589731361622
battery,15.312740004798725
workers,9.823038750831271
##nts,12.14025264426634
showers,7.570679361942179
weed,12.16647259856639
moses,6.772910016035469
fuel,9.233370452970409
hq,10.537200921571332
threat,12.352684694350707
cameron,15.050358426374201
##tine,27.165516854976733
front,16.56815143373947
warned,6.9354368638452
stunned,7.468387102601755
piss,13.451566603982995
sweden,10.876381621482917
talks,58.04054174581866
urgent,16.148482531731663
baghdad,154.97391884088157
guantanamo,15.169852103886416
illustration,5.944829949298714
park,12.998734087930714
feature,14.256388867838439
royal,8.458482940964748
unfortunately,11.558092902632849
december,38.19020670568523
myriad,3.071779060510332
rap,51.45897175485784
##lar,17.18728143798569
graffiti,31.71447028924286
aren,28.93469943616109
##maker,21.821256603099496
##ka,17.522571577732577
##ec,20.264712275045486
rip,15.942327317628925
##antes,13.492912022023571
##an,37.37891314246512
launch,70.38793903698357
sons,13.710947874606093
feminist,21.28235651588039
korean,67.75135018410501
kurt,13.710947874606093
mike,32.37937000255181
get,69.8332673301879
homeland,28.309155183844496
*,4.421308398100446
injured,20.855361004893727
longer,15.569583141109792
joined,8.217941124066332
doubtful,15.681863147305263
##g,19.70116677264433
nuts,5.127479308632388
##dal,24.688038380848905
issues,28.014452466981194
head,51.324757369780066
s,391.87789453069183
walsh,11.981703966477205
yet,14.590861341616918
resignation,18.738531984673475
sand,6.4151852680870745
rats,26.10095574641829
helmet,44.31583802542881
rebel,14.752701774503281
marine,100.69243115014719
overrun,13.777002713184519
surfaced,52.46053108057545
slice,6.965566068690785
rest,13.65394955860313
##zh,4.358830398418984
executives,6.9354368638452
jim,15.34868311994446
game,26.04692751064225
el,8.12011599752154
shots,62.941231828820484
alternative,9.297839355628813
##ness,4.331316056169687
recovering,10.024309579706367
pow,7.59527460845282
##force,7.318848981972757
angeles,12.510037822023145
ignored,21.83564006463604
viewer,11.680252206748904
nicknamed,33.59817932873335
eliminating,14.998402704022599
pushing,6.110799568476338
attorney,33.64655967294882
20,16.52854084594145
desperate,5.5540953773887125
sends,7.887372440295509
reunion,28.655364705027974
ever,26.7595394391164
magic,25.487639715578524
final,17.137679558785443
secret,26.31179006669689
facts,17.446372851019788
«,9.438959978295753
relax,13.49908311492377
agent,17.804819726266597
litres,6.523882310222973
##press,7.107721118650575
hip,11.574699348474368
$,356.8614343830322
##founded,12.454211232731751
actor,70.52716132224046
le,9.438959978295753
witness,22.947653279728137
ferguson,34.99797287067949
enormous,5.8330411858254285
##i,143.16535503329774
ci,21.545798117316643
##cies,9.434476388110292
superman,76.96991006737369
transferred,14.195191658921125
person,13.98555090942187
attracts,9.84644837060927
drop,14.735989802698075
bomber,18.21431232298028
reportedly,357.4670506991607
spider,285.0002192256677
crossed,12.214559266058156
##ke,35.39017687744746
##aine,18.41694858001925
burrows,76.53935527079464
students,62.33272568820736
percent,8.708201788144507
resort,7.677009182357176
##active,5.334280305367637
planned,10.618985481414416
everything,7.016287852453412
saying,17.111530132085665
danny,16.95320365268358
##ane,15.648033001021192
11,52.44129898817542
marijuana,46.47493551734309
outbreak,18.771588948078293
entire,22.12701657259348
flood,5.5249989071470385
##ls,17.079045386091597
developed,12.708945139548657
cheek,10.474221659967174
##zi,46.025140890363744
tai,13.255768175741663
flare,21.83564006463604
kept,11.293517000336777
february,16.70378328661292
bird,64.0019214745746
peace,16.60648338893259
planning,19.55045503140485
failed,11.073306175571767
sizes,6.416024779973487
jose,18.112198108285455
hurt,4.828546223707634
misses,11.680864106313978
trademark,9.995765841889002
signed,17.95357434710041
chewing,14.784768674700208
younger,6.613411495443417
spec,12.030971263492084
taylor,11.80641310957236
mom,18.226440590420786
kicks,4.811303902211382
make,19.836504513467013
email,4.827450505985132
eat,16.321837847459772
design,10.766020723650582
tests,21.7745296955751
boasts,10.191819398987061
devotees,9.621564165789508
considered,27.82566285672823
ripping,17.15182112586405
lebanon,125.01313235487142
36,10.480848804762529
another,63.7788907086763
willie,16.360342941036564
monsters,15.050358426374201
##wee,15.579783569940767
las,14.754624892665044
ro,73.00693712716902
reserve,15.520646283349805
rep,21.821157754671614
attack,47.3370468950398
claim,100.2748286280999
flying,17.07566468905264
y,23.736309881767106
event,17.469373344947584
tired,4.882388689602901
##bury,37.8189865159884
experience,27.104152674819183
##pp,9.157887518220729
performing,4.36018409635522
touching,20.286242308075188
failing,9.092352836948901
220,5.096703557625325
2013,14.755568320172221
deny,16.009270377058684
device,17.487042752755865
kin,11.781133170200091
pound,19.484299699574503
##ha,44.35753229697589
nope,8.359663547496778
www,14.745648023612475
##cy,6.3783002494040115
vows,17.599855548152913
meant,17.964226224347595
pledge,19.277865208848723
air,121.68495754655315
http,15.909584103877625
legendary,4.763920743205529
deeds,17.193947735825414
forty,6.870086850347416
##ty,15.884506920954134
television,17.56599875808127
kanye,8.382733685641266
michael,378.4609626845193
breached,31.48167353540655
closer,17.162967715454336
blurred,19.805921021111487
country,5.546019715417699
basic,13.55289414237362
##ion,23.945348262447823
lance,11.98187686036509
rule,10.688556041171896
##rill,11.99505427146773
wing,16.96063930796361
‘,112.42004037425596
26,26.325442558610156
isil,81.40360021965364
##fc,61.60145173569704
golfer,10.823153208460273
calls,5.88330773079022
starring,4.69647418868967
civilian,15.341674008381423
wright,211.46195527132843
shouldn,17.808568116159794
excursion,8.809639385842846
not,285.5959659724206
jeopardy,24.259038599611284
united,19.26430967414902
comes,27.222457545165888
shooting,340.74620122683075
spray,15.984105709312677
massacre,44.68001006577423
week,37.97197166568434
beg,10.439255205144747
way,21.9580388524952
##one,15.006611744298421
pm,14.435483559642698
smiling,10.423033465707414
##avi,15.884506920954134
217,9.498839857952781
sign,17.69935266979533
identified,65.84943172634713
horrible,7.875546362859839
own,55.40971553958476
tv,50.64377075468791
ev,4.53455528857035
word,7.6034324004933795
erase,11.980566888162334
tim,15.71024048800823
australia,4.671520706389126
shared,6.719676753830001
##urne,7.065778528224675
both,19.364857750179123
italian,15.364220282957369
worldwide,17.170916168165363
leaves,73.86326252832862
among,28.445264391425184
johnson,26.608851235169144
##bal,7.373231566253424
office,34.31430077715072
reduce,10.639200455756315
college,18.48206569910135
strike,46.570416283201745
put,17.735586809146184
walk,26.88160601929328
inch,38.44696278670901
minutes,149.57136518131728
spread,8.913173430268394
detectives,10.281898725449363
podcast,6.772910016035469
weapon,19.65960899026039
yemen,55.51511336980747
hotel,14.70125287227858
400,36.10998901472186
seals,6.416206753482562
gallery,8.985820595205906
sensors,8.001449762119984
outraged,23.739716336877972
po,55.89777749286706
##ren,12.149832214603254
##watch,14.585692482717544
haven,12.214559266058156
driving,3.1806912241582226
agrees,28.370385081293048
should,13.825670409102068
wars,34.30971650085748
mark,16.172220723471895
ankle,23.857186421252468
burr,160.43267027529052
building,21.042880275010724
dick,11.48911523193645
##nae,4.358830398418984
seemingly,21.271762759297665
reluctant,5.473237275014843
backed,14.511425165672769
containing,14.506871509305636
broken,19.644047056570688
pays,25.473168575810718
##nbc,6.708766353171317
accidentally,21.11663483797858
##bay,8.60636014648419
##heads,180.55360004985
whisper,29.218631845740944
##way,10.625381290292967
roses,20.399452340760927
hasn,47.06731165916193
very,8.519983719445358
dropping,23.281025364469947
##jou,113.56464897636775
hop,11.574699348474368
##mi,16.44095214184881
far,15.750379223324817
contact,19.943611386291234
49,14.76011016170169
insider,8.702471609766597
##xes,5.127479308632388
##st,13.951256812645115
but,30.61855738238989
beck,15.87760451950174
worry,6.068717237492004
forcibly,7.329327540201508
identity,32.765904751501765
booming,5.682031140587885
killing,40.632890339749316
smart,15.286973142227861
batman,90.51095693235364
disappear,13.473131461573647
possibly,12.98329582486071
blamed,20.60099917512097
bmw,14.921274197692306
##orne,5.084455712986347
affiliate,8.810459704042831
shit,10.636354258777985
pornographic,10.281898725449363
wakes,42.138554377412966
over,77.52622651104129
sh,4.421308398100446
donation,8.979930951391664
##rc,18.60190085369046
terror,40.15160209083628
##ics,3.7967899071814806
shoulder,16.091799869359726
horror,17.564842347165353
locals,24.16113970895498
##sti,32.001508748890366
round,3.1806912241582226
sq,21.59222961128649
forest,8.682718352339469
##powered,10.338682754691481
libyan,32.361108394330124
between,13.123756265427124
##car,10.474221659967174
tried,17.253512851609845
appalled,16.421850347340392
opposition,8.857056308424108
organisation,15.804051034353833
##er,53.79393924621887
fat,28.943529661628734
camera,63.34650727059761
bosnia,24.80893221042474
uk,37.36801302636409
speech,21.888691532131926
tripoli,18.89641790745615
center,12.608034872172052
convicted,6.473892766125583
bi,48.515999998042396
obe,12.413626426788653
newly,28.907614611254303
called,23.643480888434322
demanded,10.017204418134602
##bed,10.990744874694757
keyboards,15.569583141109792
arabia,14.26977917608487
##ains,19.019327113127503
football,10.151195361767162
further,12.942713582790761
age,18.89506169421954
cable,7.398892332624814
sunny,6.416206753482562
true,16.811140477614895
running,19.231043259162945
across,33.29715057040858
article,12.254860487469594
swarm,11.216674198267823
forcing,4.316357455659999
dumb,9.691503191415373
winning,13.861228887920124
##ffs,20.940592414658976
josh,20.121374553062687
senator,15.371136096324449
birth,24.029485661695762
international,9.253893586611841
##ings,10.36827070889582
wounded,7.626690904839879
locations,4.704661369577562
stunt,4.641126874577012
##ridge,2.992865338081529
ache,8.263296737660848
carol,5.60257492716495
council,5.60257492716495
ties,5.9118843393506495
##ged,5.60257492716495
##ced,4.067551585289082
##ned,4.963525009052171
class,6.95541630607627
print,6.895767519628331
hall,4.641126874577012
lines,7.289292297326636
stick,11.136285131336951
una,4.067551585289082
ing,4.053553469474476
unbearable,5.60257492716495
strap,4.067551585289082
normal,6.7314913744561835
skills,7.216364772486389
jean,6.957069822450386
crude,4.991564337192816
department,2.992865338081529
ign,3.6192944679080084
##eca,5.303336321447681
think,4.83849418350906
awards,5.940686807760972
carrying,7.289292297326636
rocket,4.991564337192816
whose,11.148380096821315
##os,4.053553469474476
doctors,4.053553469474476
##sk,7.841233774335165
gm,4.404354988518385
shopping,2.9756145286908806
##ord,5.60257492716495
fatally,7.626690904839879
barred,5.940686807760972
satire,4.14790640671748
##fy,4.538538635003778
gag,5.60257492716495
##eres,2.9756145286908806
competition,4.807576095732306
connector,4.067551585289082
global,3.6192944679080084
suffered,11.136285131336951
authenticity,3.016626990766773
romantic,4.641126874577012
hopeless,4.641126874577012
stroll,6.3556093233003015
def,5.303336321447681
trash,7.216364772486389
portal,5.451546300978323
##ms,6.895767519628331
bidding,4.457294276995159
objects,11.136285131336951
spur,4.963525009052171
developing,5.9118843393506495
conditions,6.7314913744561835
software,5.9118843393506495
publishes,5.451546300978323
##nn,4.067551585289082
busy,5.778298177563366
50,3.0923529144378086
bedroom,7.216364772486389
terri,4.538538635003778
busted,4.790839386972922
anger,6.95541630607627
riddle,3.044735766482586
wrist,3.0412995964605383
##imi,3.044735766482586
##sha,3.5721435394207814
##rk,3.5721435394207814
worms,3.044735766482586
nobody,2.992818416789162
sash,3.044735766482586
judge,5.210117176407364
delivers,3.0412995964605383
initially,2.9911003317781377
federal,5.210117176407364
stupid,5.210117176407364
rm,3.5721435394207814
notification,3.0412995964605383
miracles,2.992818416789162
stores,2.9911003317781377
